concept_id,review_ids,source,pdf_language,pdf_page_and_section,exact_source_forms,source_evidence_type,current_matcher_result_and_owner,decision,decision_reason,residual_risk
chicken_meat,M0067-M0072,CELEX 02013R1308 consolidation 2026-08-18 FR/NL/EN/DE,FR;NL;EN;DE,"185 Annex VII V.I", "coqs; poules; hanen; kippen; Gallus domesticus; Hühner","regulated species list in poultry market rules; animal category, not assured meat ingredient","NONE; no current owner for these exact forms",DIFFÉRER,"Species-only terms lack meat context; current schema/matcher has no general context requirement.","animal/egg/farming/description false positives; vegetable flavour or substitute"
duck_meat,M0073-M0076,CELEX 02013R1308 consolidation 2026-08-18 FR/NL/EN/DE,FR;NL;EN;DE,"185 Annex VII V.I", "canards; eenden; ducks; Enten","regulated species list in poultry market rules; not assured ingredient denomination","NONE; no current owner",DIFFÉRER,"Species-only names also denote birds and other products; no qualifying meat phrase supplied by these rows.","animal/egg/farming/description false positives; vegetable substitute"
goose_meat,M0077-M0084,CELEX 02013R1308 consolidation 2026-08-18 FR/NL/EN/DE,FR;NL;EN;DE,"185 Annex VII V.I; 201 Annex VII poultry terminology", "oies; ganzen; geese; Gänse; oie; gans; goose; Hafermastgans","regulated species and terminology; includes animal/farming references","NONE; no current owner for cited forms",DIFFÉRER,"No safe species-only alias; Hafermastgans names a husbandry/fattening category.","animal/egg/farming/description false positives"
turkey_meat,M0085-M0089,CELEX 02013R1308 consolidation 2026-08-18 FR/NL/EN/DE,FR;NL;EN;DE,"185 Annex VII V.I", "dindons; dindes; kalkoenen; turkeys; Truthühner","regulated species list, not assured meat ingredient denomination","NONE; no current owner",DIFFÉRER,"No meat-qualified alias in this evidence; no context requirement in matcher.","animal/farming/description false positives; plant substitute"
guinea_fowl_meat,M0090-M0093,CELEX 02013R1308 consolidation 2026-08-18 FR/NL/EN/DE,FR;NL;EN;DE,"185 Annex VII V.I", "pintades; parelhoenders; guinea fowls; Perlhühner","regulated species list, not assured meat ingredient denomination","NONE; no current owner",DIFFÉRER,"Species-only forms do not prove ingredient use and cannot be context-gated by this schema.","animal/farming/description false positives"
animal_blood,M0148-M0151,CELEX 02013R1308 consolidation 2026-08-18 FR/NL/EN/DE,FR;NL;EN;DE,"145 Annex I XVII NC 1601/1602", "sang; bloed; blood; Blut","tariff categories of preparations/foods based on blood; not standalone ingredient names","NONE; no current owner; proposals are bare forms",DIFFÉRER,"Do not promote bare aliases; blood orange/orange sanguine show lexical collisions. No qualified animal phrase evidenced in candidate set.","other food senses; broad category does not license reconstructing an alias"
poultry_meat_product,M0205-M0208,CELEX 02013R1308 consolidation 2026-08-18 FR/NL/EN/DE,FR;NL;EN;DE,"186 Annex VII V.II.7", "produit à base de viande de volaille; Pluimveevleesproduct; poultrymeat product; Geflügelfleischerzeugnis","explicit legal category; definition refers to Regulation 853/2004 point 7.1","FR PARTIAL_CONTEXTUAL; NL NONE; EN PARTIAL_CONTEXTUAL; DE NONE; no current owner for full forms",PRÉCISER,"Distinct from preparation category, but referenced definition unavailable locally and ingredient-label use is not established.","unknown category scope/composition; partial match can leave residual unknown"
poultry_meat_preparation,M0198-M0204,CELEX 02013R1308 consolidation 2026-08-18 FR/NL/EN/DE,FR;NL;EN;DE,"186 Annex VII V.II.5-6", "préparation à base de viande de volaille fraîche; Bereiding op basis van vers pluimveevlees; fresh poultrymeat preparation; frische Geflügelfleischzubereitung","explicit preparation category and fresh subtype","FR PARTIAL_CONTEXTUAL; NL PARTIAL_CONTEXTUAL; EN PARTIAL_CONTEXTUAL; DE NONE; historical owner poultry_meat_preparation",CONSERVER,"Keep existing concept and alias ownership; current candidate fresh forms are partial/absent and need ordinary alias coverage review.","category names may not occur verbatim on consumer labels; partial matching is not full recognition"
meat_sausage,M0143-M0147,CELEX 02013R1308 consolidation 2026-08-18 FR/NL/EN/DE,FR;NL;EN;DE,"145 Annex I XVII NC 1601 00", "Saucisses; saucissons; Worst; Sausages; Würste","meat/organ/blood product tariff category; possible ingredient word, not context-exclusive label","NONE; no current owner",DIFFÉRER,"Bare forms do not distinguish animal products from plant-based substitutes; no generic context constraint.","vegan sausage/saucisse végétale descriptions may still include animal alias"
ham,M0121-M0128,CELEX 02013R1308 consolidation 2026-08-18 FR/NL/EN/DE,FR;NL;EN;DE,"148 Annex I XXIV section 1 ex0203 12; 154 ex1602 41", "Jambons; Jambons et morceaux de jambons; Hammen; Hammen en delen daarvan; Hams; Hams and cuts thereof; Schinken; Schinken und Teile davon","regulated pork ham/cuts category; potential product ingredient name","NONE; no current owner",PRÉCISER,"Use separate ham concept rather than group with belly; vet qualified label aliases and substitutes before activation.","plain ham names include plant analogues; proposal group semantics rejected"
pork_belly,M0137-M0142,CELEX 02013R1308 consolidation 2026-08-18 FR/NL/EN/DE,FR;NL;EN;DE,"149 Annex I XXIV section 1 ex0210 12", "Poitrines (entrelardées); Buiken (buikspek); buikspek; Bellies (streaky); Bäuche (Bauchspeck); Bauchspeck","specific cured/salted pork belly tariff category; potential product ingredient name","NONE; no current owner",PRÉCISER,"Use separate pork_belly concept in same future lot as ham; do not merge cuts. Review form and plant analogues.","nude terms may be product descriptions/substitute products; bacon is not evidenced"
bovine_meat,M0007;M0009;M0011;M0013,CELEX 02013R1308 consolidation 2026-08-18 FR/NL/EN/DE,FR;NL;EN;DE,"143 Annex I XV NC0201", "Viandes des animaux de l'espèce bovine; Vlees van runderen; Meat of bovine animals; Fleisch von Rindern","species meat heading/tariff category with explicit meat wording","NONE; PARTIAL_CONTEXTUAL; PARTIAL_CONTEXTUAL; NONE. Short aliases remain under meat.",CONSERVER,"Distinct useful species concept; use long evidenced forms only and preserve existing meat alias ownership.","bovine overlaps with veal; alternatives, flavour and descriptive labels"
veal_meat,M0016;M0018,CELEX 02013R1308 consolidation 2026-08-18 NL/DE,NL;DE,"172 Annex VII I.III.1.A sales denominations", "Kalfsvlees; Kalbfleisch","country-specific sales denomination for category V young bovine; related existing meat terms Veal/veau are historical aliases","NONE on Kalfsvlees/Kalbfleisch; Veal/veau owned by meat",PRÉCISER,"Potentially useful finer category, but veal is within bovine meat; define non-overlapping alias ownership and only add evidenced language forms.","double match or inconsistent granularity; do not infer missing FR/EN translations"
pork_meat,M0026;M0028;M0029;M0030,CELEX 02013R1308 consolidation 2026-08-18 FR/NL/EN,FR;NL;EN,"145 Annex I XVII NC ex0203; 3 preamble", "Viandes des animaux de l'espèce porcine domestique; Vlees van varkens; pigmeat; Meat of domestic swine","species meat heading/tariff category","NONE; PARTIAL_CONTEXTUAL; pigmeat EXACT under historical owner meat; PARTIAL_CONTEXTUAL",CONSERVER,"Add only the long attested forms if used; keep pigmeat and short forms under meat.","plant alternatives, flavour/descriptive use; historical ownership collision"
sheep_meat,M0042;M0043,CELEX 02013R1308 consolidation 2026-08-18 NL/EN,NL;EN,"13 Article 18(4)(c); 145 Annex I XVIII", "schapenvlees; Sheepmeat","species meat terms in regulatory list/headings","NONE; no current owner for these exact terms; collective meat alias remains under meat",CONSERVER,"Distinct useful species; only NL and EN terms evidenced. Do not invent FR/DE.","collective aliases under meat overlap; vegan imitation/descriptive mention"
goat_meat,M0044-M0046,CELEX 02013R1308 consolidation 2026-08-18 NL/EN/DE,NL;EN;DE,"145 Annex I XVIII heading compounds", "geitenvlees; goatmeat; Ziegenfleisch","species meat terms in regulatory heading compounds","NONE; no current owner for these exact terms; collective aliases remain under meat",CONSERVER,"Distinct from dairy; forms are attested in NL/EN/DE only. Do not invent FR.","goat milk mentions; plant alternatives; collective historical alias"
horse_meat,M0095-M0099,CELEX 02013R1308 consolidation 2026-08-18 FR/NL/EN/DE,FR;NL;EN;DE,"156 Annex I XXIV section 2 NC ex0205/0210", "Viandes de cheval; Vlees van paarden; Meat of horses; Horsemeat; Fleisch von Pferden","species meat category with explicit meat wording","NONE; PARTIAL_CONTEXTUAL; PARTIAL_CONTEXTUAL; NONE; NONE",CONSERVER,"Distinct useful meat category; prefer explicit meat-containing formulations over animal-only forms.","animal/descriptive contexts and vegetable alternatives; partial matcher results retain residuals"
